{"gudok1_edit.mp4": [[74, 76, 66.66666666666666], [200, 202, 66.66666666666666], [435, 437, 90.0]], "gudok2_edit.mp4": [[58, 60, 75.0], [79, 81, 71.42857142857143], [116, 118, 87.5], [197, 199, 100.0], [260, 262, 88.88888888888889]], "gudok2_darked.mp4": [[58, 60, 75.0], [116, 118, 87.5], [197, 199, 100.0], [260, 262, 77.77777777777779]], "lenin_moved1_edit3.mp4": [[114, 116, 100.0], [226, 228, 66.66666666666666], [343, 345, 66.66666666666666]], "lenin_moved2_edit2.mp4": [[124, 126, 100.0], [241, 243, 100.0]], "lenin_moved3_edit1.mp4": [[261, 263, 90.9090909090909]], "lenin_moved4_edit3.mp4": [[165, 167, 100.0], [277, 279, 81.25], [335, 337, 100.0]], "lenin_moved4_darked.mp4": [[45, 47, 66.66666666666666], [165, 167, 85.71428571428571], [278, 280, 100.0], [334, 336, 100.0]], "lenin_shaked_moved1_edit3.mp4": [[61, 63, 88.88888888888889], [66, 68, 66.66666666666666], [129, 131, 100.0], [246, 248, 90.0], [328, 330, 88.88888888888889], [521, 523, 83.33333333333334]], "lenin_static1_edit4.mp4": [[129, 131, 71.42857142857143], [308, 310, 69.23076923076923], [378, 380, 85.71428571428571], [694, 696, 78.57142857142857]], "lenin_static2_edit3.mp4": [[179, 181, 75.0], [254, 256, 80.0], [377, 379, 80.0]], "lenin_static3_edit4.mp4": [[158, 160, 69.23076923076923], [286, 288, 83.33333333333334], [444, 446, 83.33333333333334], [606, 608, 69.23076923076923]], "lenin_static3_darked.mp4": [[158, 160, 71.42857142857143], [212, 214, 66.66666666666666], [286, 288, 91.66666666666666], [444, 446, 90.9090909090909], [605, 607, 90.9090909090909]], "lenin_static_moved1_edit5.mp4": [[170, 172, 90.9090909090909], [327, 329, 85.71428571428571], [577, 579, 100.0], [740, 742, 87.5], [975, 977, 90.9090909090909]], "perek_zhd_static1_edit1.mp4": [[115, 117, 100.0]], "perek_zhd_static2_edit2.mp4": [[114, 116, 75.0], [235, 237, 83.33333333333334]], "perek_zhd_static3_edit3.mp4": [[86, 88, 75.0], [185, 187, 72.72727272727273], [291, 293, 92.85714285714286]], "skver_static_edit5.mp4": [[205, 207, 75.0], [322, 324, 72.72727272727273], [468, 470, 73.33333333333333], [627, 629, 78.57142857142857], [848, 850, 81.81818181818183]], "Walkers_meld.mp4": [[117, 119, 85.71428571428571]], "Walkers_meld2.mp4": [[117, 119, 85.71428571428571], [151, 153, 77.77777777777779], [231, 233, 100.0]], "Walkers_meld2_darked.mp4": [[117, 119, 100.0], [151, 153, 87.5], [231, 233, 100.0]], "zhd_moved1_edit2.mp4": [[248, 250, 100.0]], "zhd_moved2_edit1.mp4": [[96, 98, 90.0]], "zhd_moved3_edit3.mp4": [[115, 117, 75.0], [212, 214, 66.66666666666666], [324, 326, 77.77777777777779]], "zhd_moved4_edit3.mp4": [[92, 94, 66.66666666666666], [100, 102, 100.0], [147, 149, 80.0], [255, 257, 90.0], [290, 292, 66.66666666666666], [397, 399, 100.0]]}